	Engine 1, RUL [61.65024], Rectified RUL 61.0, Real RUL 44.0
	Engine 2, RUL [83.237305], Rectified RUL 83.0, Real RUL 51.0
	Engine 3, RUL [35.91067], Rectified RUL 35.0, Real RUL 27.0
	Engine 4, RUL [118.76001], Rectified RUL 118.0, Real RUL 120.0
	Engine 5, RUL [113.606224], Rectified RUL 113.0, Real RUL 101.0
	Engine 6, RUL [107.123886], Rectified RUL 107.0, Real RUL 99.0
	Engine 7, RUL [70.764366], Rectified RUL 70.0, Real RUL 71.0
	Engine 8, RUL [65.65764], Rectified RUL 65.0, Real RUL 55.0
	Engine 9, RUL [76.482544], Rectified RUL 76.0, Real RUL 55.0
	Engine 10, RUL [85.76939], Rectified RUL 85.0, Real RUL 66.0
	Engine 11, RUL [78.35265], Rectified RUL 78.0, Real RUL 77.0
	Engine 12, RUL [103.073204], Rectified RUL 103.0, Real RUL 115.0
	Engine 13, RUL [105.161705], Rectified RUL 105.0, Real RUL 115.0
	Engine 14, RUL [28.47065], Rectified RUL 28.0, Real RUL 31.0
	Engine 15, RUL [102.34668], Rectified RUL 102.0, Real RUL 108.0
	Engine 16, RUL [84.49615], Rectified RUL 84.0, Real RUL 56.0
	Engine 17, RUL [103.988075], Rectified RUL 103.0, Real RUL 136.0
	Engine 18, RUL [108.10137], Rectified RUL 108.0, Real RUL 132.0
	Engine 19, RUL [121.16184], Rectified RUL 121.0, Real RUL 85.0
	Engine 20, RUL [78.01277], Rectified RUL 78.0, Real RUL 56.0
	Engine 21, RUL [7.513629], Rectified RUL 7.0, Real RUL 18.0
	Engine 22, RUL [117.37093], Rectified RUL 117.0, Real RUL 119.0
	Engine 23, RUL [80.0861], Rectified RUL 80.0, Real RUL 78.0
	Engine 24, RUL [14.049599], Rectified RUL 14.0, Real RUL 9.0
	Engine 25, RUL [70.52132], Rectified RUL 70.0, Real RUL 58.0
	Engine 26, RUL [12.363035], Rectified RUL 12.0, Real RUL 11.0
	Engine 27, RUL [104.96311], Rectified RUL 104.0, Real RUL 88.0
	Engine 28, RUL [115.358826], Rectified RUL 115.0, Real RUL 144.0
	Engine 29, RUL [117.73105], Rectified RUL 117.0, Real RUL 124.0
	Engine 30, RUL [77.05256], Rectified RUL 77.0, Real RUL 89.0
	Engine 31, RUL [84.43653], Rectified RUL 84.0, Real RUL 79.0
	Engine 32, RUL [62.785614], Rectified RUL 62.0, Real RUL 55.0
	Engine 33, RUL [87.645454], Rectified RUL 87.0, Real RUL 71.0
	Engine 34, RUL [96.30783], Rectified RUL 96.0, Real RUL 65.0
	Engine 35, RUL [105.702225], Rectified RUL 105.0, Real RUL 87.0
	Engine 36, RUL [119.05851], Rectified RUL 119.0, Real RUL 137.0
	Engine 37, RUL [128.38777], Rectified RUL 128.0, Real RUL 145.0
	Engine 38, RUL [32.81736], Rectified RUL 32.0, Real RUL 22.0
	Engine 39, RUL [5.7649727], Rectified RUL 5.0, Real RUL 8.0
	Engine 40, RUL [39.47622], Rectified RUL 39.0, Real RUL 41.0
	Engine 41, RUL [121.471565], Rectified RUL 121.0, Real RUL 131.0
	Engine 42, RUL [99.862434], Rectified RUL 99.0, Real RUL 115.0
	Engine 43, RUL [113.88622], Rectified RUL 113.0, Real RUL 128.0
	Engine 44, RUL [80.46515], Rectified RUL 80.0, Real RUL 69.0
	Engine 45, RUL [129.02965], Rectified RUL 129.0, Real RUL 111.0
	Engine 46, RUL [-11.916117], Rectified RUL -12.0, Real RUL 7.0
	Engine 47, RUL [121.82602], Rectified RUL 121.0, Real RUL 137.0
	Engine 48, RUL [51.831554], Rectified RUL 51.0, Real RUL 55.0
	Engine 49, RUL [120.05282], Rectified RUL 120.0, Real RUL 135.0
	Engine 50, RUL [14.97635], Rectified RUL 14.0, Real RUL 11.0
	Engine 51, RUL [102.59375], Rectified RUL 102.0, Real RUL 78.0
	Engine 52, RUL [105.89114], Rectified RUL 105.0, Real RUL 120.0
	Engine 53, RUL [107.53515], Rectified RUL 107.0, Real RUL 87.0
	Engine 54, RUL [126.683876], Rectified RUL 126.0, Real RUL 87.0
	Engine 55, RUL [58.70947], Rectified RUL 58.0, Real RUL 55.0
	Engine 56, RUL [89.42185], Rectified RUL 89.0, Real RUL 93.0
	Engine 57, RUL [85.40211], Rectified RUL 85.0, Real RUL 88.0
	Engine 58, RUL [58.21374], Rectified RUL 58.0, Real RUL 40.0
	Engine 59, RUL [42.62562], Rectified RUL 42.0, Real RUL 49.0
	Engine 60, RUL [103.49147], Rectified RUL 103.0, Real RUL 128.0
	Engine 61, RUL [134.98146], Rectified RUL 134.0, Real RUL 129.0
	Engine 62, RUL [74.740425], Rectified RUL 74.0, Real RUL 58.0
	Engine 63, RUL [117.97042], Rectified RUL 117.0, Real RUL 117.0
	Engine 64, RUL [30.58532], Rectified RUL 30.0, Real RUL 28.0
	Engine 65, RUL [130.62712], Rectified RUL 130.0, Real RUL 115.0
	Engine 66, RUL [90.92964], Rectified RUL 90.0, Real RUL 87.0
	Engine 67, RUL [105.349525], Rectified RUL 105.0, Real RUL 92.0
	Engine 68, RUL [109.772896], Rectified RUL 109.0, Real RUL 103.0
	Engine 69, RUL [128.25694], Rectified RUL 128.0, Real RUL 100.0
	Engine 70, RUL [87.77238], Rectified RUL 87.0, Real RUL 63.0
	Engine 71, RUL [35.59706], Rectified RUL 35.0, Real RUL 35.0
	Engine 72, RUL [61.19931], Rectified RUL 61.0, Real RUL 45.0
	Engine 73, RUL [119.83587], Rectified RUL 119.0, Real RUL 99.0
	Engine 74, RUL [128.17645], Rectified RUL 128.0, Real RUL 117.0
	Engine 75, RUL [56.651646], Rectified RUL 56.0, Real RUL 45.0
	Engine 76, RUL [38.084934], Rectified RUL 38.0, Real RUL 27.0
	Engine 77, RUL [78.44401], Rectified RUL 78.0, Real RUL 86.0
	Engine 78, RUL [24.504156], Rectified RUL 24.0, Real RUL 20.0
	Engine 79, RUL [24.25554], Rectified RUL 24.0, Real RUL 18.0
	Engine 80, RUL [122.81635], Rectified RUL 122.0, Real RUL 133.0
	Engine 81, RUL [1.4492885], Rectified RUL 1.0, Real RUL 15.0
	Engine 82, RUL [-3.8275704], Rectified RUL -4.0, Real RUL 6.0
	Engine 83, RUL [112.76598], Rectified RUL 112.0, Real RUL 145.0
	Engine 84, RUL [91.03315], Rectified RUL 91.0, Real RUL 104.0
	Engine 85, RUL [94.201836], Rectified RUL 94.0, Real RUL 56.0
	Engine 86, RUL [22.841724], Rectified RUL 22.0, Real RUL 25.0
	Engine 87, RUL [77.76063], Rectified RUL 77.0, Real RUL 68.0
	Engine 88, RUL [121.867355], Rectified RUL 121.0, Real RUL 144.0
	Engine 89, RUL [64.02063], Rectified RUL 64.0, Real RUL 41.0
	Engine 90, RUL [54.11853], Rectified RUL 54.0, Real RUL 51.0
	Engine 91, RUL [99.59792], Rectified RUL 99.0, Real RUL 81.0
	Engine 92, RUL [14.2952795], Rectified RUL 14.0, Real RUL 14.0
	Engine 93, RUL [94.42273], Rectified RUL 94.0, Real RUL 67.0
	Engine 94, RUL [9.241137], Rectified RUL 9.0, Real RUL 10.0
	Engine 95, RUL [98.330826], Rectified RUL 98.0, Real RUL 127.0
	Engine 96, RUL [74.44749], Rectified RUL 74.0, Real RUL 113.0
	Engine 97, RUL [129.22324], Rectified RUL 129.0, Real RUL 123.0
	Engine 98, RUL [21.031267], Rectified RUL 21.0, Real RUL 17.0
	Engine 99, RUL [7.20831], Rectified RUL 7.0, Real RUL 8.0
	Engine 100, RUL [24.443924], Rectified RUL 24.0, Real RUL 28.0
	Engine 1, RUL [59.382698], Rectified RUL 59.0, Real RUL 44.0
	Engine 2, RUL [81.75297], Rectified RUL 81.0, Real RUL 51.0
	Engine 3, RUL [35.9879], Rectified RUL 35.0, Real RUL 27.0
	Engine 4, RUL [121.15381], Rectified RUL 121.0, Real RUL 120.0
	Engine 5, RUL [114.11424], Rectified RUL 114.0, Real RUL 101.0
	Engine 6, RUL [106.49519], Rectified RUL 106.0, Real RUL 99.0
	Engine 7, RUL [66.76737], Rectified RUL 66.0, Real RUL 71.0
	Engine 8, RUL [62.57676], Rectified RUL 62.0, Real RUL 55.0
	Engine 9, RUL [74.50601], Rectified RUL 74.0, Real RUL 55.0
	Engine 10, RUL [82.921036], Rectified RUL 82.0, Real RUL 66.0
	Engine 11, RUL [77.58858], Rectified RUL 77.0, Real RUL 77.0
	Engine 12, RUL [101.70531], Rectified RUL 101.0, Real RUL 115.0
	Engine 13, RUL [106.07219], Rectified RUL 106.0, Real RUL 115.0
	Engine 14, RUL [25.740044], Rectified RUL 25.0, Real RUL 31.0
	Engine 15, RUL [107.05711], Rectified RUL 107.0, Real RUL 108.0
	Engine 16, RUL [78.91232], Rectified RUL 78.0, Real RUL 56.0
	Engine 17, RUL [106.440704], Rectified RUL 106.0, Real RUL 136.0
	Engine 18, RUL [108.73059], Rectified RUL 108.0, Real RUL 132.0
	Engine 19, RUL [123.21586], Rectified RUL 123.0, Real RUL 85.0
	Engine 20, RUL [74.57782], Rectified RUL 74.0, Real RUL 56.0
	Engine 21, RUL [12.754624], Rectified RUL 12.0, Real RUL 18.0
	Engine 22, RUL [117.65275], Rectified RUL 117.0, Real RUL 119.0
	Engine 23, RUL [80.59753], Rectified RUL 80.0, Real RUL 78.0
	Engine 24, RUL [15.786377], Rectified RUL 15.0, Real RUL 9.0
	Engine 25, RUL [67.69698], Rectified RUL 67.0, Real RUL 58.0
	Engine 26, RUL [0.41830003], Rectified RUL 0.0, Real RUL 11.0
	Engine 27, RUL [108.01264], Rectified RUL 108.0, Real RUL 88.0
	Engine 28, RUL [116.76583], Rectified RUL 116.0, Real RUL 144.0
	Engine 29, RUL [118.17946], Rectified RUL 118.0, Real RUL 124.0
	Engine 30, RUL [81.46164], Rectified RUL 81.0, Real RUL 89.0
	Engine 31, RUL [83.5931], Rectified RUL 83.0, Real RUL 79.0
	Engine 32, RUL [58.120262], Rectified RUL 58.0, Real RUL 55.0
	Engine 33, RUL [84.92937], Rectified RUL 84.0, Real RUL 71.0
	Engine 34, RUL [96.37113], Rectified RUL 96.0, Real RUL 65.0
	Engine 35, RUL [104.902245], Rectified RUL 104.0, Real RUL 87.0
	Engine 36, RUL [119.32907], Rectified RUL 119.0, Real RUL 137.0
	Engine 37, RUL [127.95447], Rectified RUL 127.0, Real RUL 145.0
	Engine 38, RUL [28.083065], Rectified RUL 28.0, Real RUL 22.0
	Engine 39, RUL [4.346037], Rectified RUL 4.0, Real RUL 8.0
	Engine 40, RUL [39.50083], Rectified RUL 39.0, Real RUL 41.0
	Engine 41, RUL [120.49812], Rectified RUL 120.0, Real RUL 131.0
	Engine 42, RUL [100.251236], Rectified RUL 100.0, Real RUL 115.0
	Engine 43, RUL [115.08675], Rectified RUL 115.0, Real RUL 128.0
	Engine 44, RUL [79.281845], Rectified RUL 79.0, Real RUL 69.0
	Engine 45, RUL [128.97606], Rectified RUL 128.0, Real RUL 111.0
	Engine 46, RUL [-10.449374], Rectified RUL -11.0, Real RUL 7.0
	Engine 47, RUL [121.06409], Rectified RUL 121.0, Real RUL 137.0
	Engine 48, RUL [47.988518], Rectified RUL 47.0, Real RUL 55.0
	Engine 49, RUL [117.80826], Rectified RUL 117.0, Real RUL 135.0
	Engine 50, RUL [11.93809], Rectified RUL 11.0, Real RUL 11.0
	Engine 51, RUL [99.43049], Rectified RUL 99.0, Real RUL 78.0
	Engine 52, RUL [109.29964], Rectified RUL 109.0, Real RUL 120.0
	Engine 53, RUL [107.69124], Rectified RUL 107.0, Real RUL 87.0
	Engine 54, RUL [127.90464], Rectified RUL 127.0, Real RUL 87.0
	Engine 55, RUL [54.971775], Rectified RUL 54.0, Real RUL 55.0
	Engine 56, RUL [87.62471], Rectified RUL 87.0, Real RUL 93.0
	Engine 57, RUL [85.096825], Rectified RUL 85.0, Real RUL 88.0
	Engine 58, RUL [50.7398], Rectified RUL 50.0, Real RUL 40.0
	Engine 59, RUL [41.355534], Rectified RUL 41.0, Real RUL 49.0
	Engine 60, RUL [105.76145], Rectified RUL 105.0, Real RUL 128.0
	Engine 61, RUL [132.94063], Rectified RUL 132.0, Real RUL 129.0
	Engine 62, RUL [71.91734], Rectified RUL 71.0, Real RUL 58.0
	Engine 63, RUL [119.60198], Rectified RUL 119.0, Real RUL 117.0
	Engine 64, RUL [29.558903], Rectified RUL 29.0, Real RUL 28.0
	Engine 65, RUL [130.19336], Rectified RUL 130.0, Real RUL 115.0
	Engine 66, RUL [91.305534], Rectified RUL 91.0, Real RUL 87.0
	Engine 67, RUL [109.60826], Rectified RUL 109.0, Real RUL 92.0
	Engine 68, RUL [108.49667], Rectified RUL 108.0, Real RUL 103.0
	Engine 69, RUL [126.44779], Rectified RUL 126.0, Real RUL 100.0
	Engine 70, RUL [84.674774], Rectified RUL 84.0, Real RUL 63.0
	Engine 71, RUL [36.693283], Rectified RUL 36.0, Real RUL 35.0
	Engine 72, RUL [56.43706], Rectified RUL 56.0, Real RUL 45.0
	Engine 73, RUL [119.794106], Rectified RUL 119.0, Real RUL 99.0
	Engine 74, RUL [128.19812], Rectified RUL 128.0, Real RUL 117.0
	Engine 75, RUL [56.574837], Rectified RUL 56.0, Real RUL 45.0
	Engine 76, RUL [30.70104], Rectified RUL 30.0, Real RUL 27.0
	Engine 77, RUL [79.84472], Rectified RUL 79.0, Real RUL 86.0
	Engine 78, RUL [26.387386], Rectified RUL 26.0, Real RUL 20.0
	Engine 79, RUL [21.424183], Rectified RUL 21.0, Real RUL 18.0
	Engine 80, RUL [120.397804], Rectified RUL 120.0, Real RUL 133.0
	Engine 81, RUL [2.4533882], Rectified RUL 2.0, Real RUL 15.0
	Engine 82, RUL [-2.1009007], Rectified RUL -3.0, Real RUL 6.0
	Engine 83, RUL [115.77661], Rectified RUL 115.0, Real RUL 145.0
	Engine 84, RUL [88.27439], Rectified RUL 88.0, Real RUL 104.0
	Engine 85, RUL [93.90018], Rectified RUL 93.0, Real RUL 56.0
	Engine 86, RUL [23.132193], Rectified RUL 23.0, Real RUL 25.0
	Engine 87, RUL [73.440544], Rectified RUL 73.0, Real RUL 68.0
	Engine 88, RUL [122.7742], Rectified RUL 122.0, Real RUL 144.0
	Engine 89, RUL [61.052147], Rectified RUL 61.0, Real RUL 41.0
	Engine 90, RUL [51.494545], Rectified RUL 51.0, Real RUL 51.0
	Engine 91, RUL [98.157455], Rectified RUL 98.0, Real RUL 81.0
	Engine 92, RUL [14.735831], Rectified RUL 14.0, Real RUL 14.0
	Engine 93, RUL [91.553024], Rectified RUL 91.0, Real RUL 67.0
	Engine 94, RUL [9.603592], Rectified RUL 9.0, Real RUL 10.0
	Engine 95, RUL [100.62102], Rectified RUL 100.0, Real RUL 127.0
	Engine 96, RUL [76.57467], Rectified RUL 76.0, Real RUL 113.0
	Engine 97, RUL [129.72325], Rectified RUL 129.0, Real RUL 123.0
	Engine 98, RUL [20.457075], Rectified RUL 20.0, Real RUL 17.0
	Engine 99, RUL [8.285535], Rectified RUL 8.0, Real RUL 8.0
	Engine 100, RUL [27.185974], Rectified RUL 27.0, Real RUL 28.0
	Engine 1, RUL [58.337173], Rectified RUL 58.0, Real RUL 44.0
	Engine 2, RUL [81.55271], Rectified RUL 81.0, Real RUL 51.0
	Engine 3, RUL [34.402832], Rectified RUL 34.0, Real RUL 27.0
	Engine 4, RUL [123.78448], Rectified RUL 123.0, Real RUL 120.0
	Engine 5, RUL [114.03403], Rectified RUL 114.0, Real RUL 101.0
	Engine 6, RUL [106.73822], Rectified RUL 106.0, Real RUL 99.0
	Engine 7, RUL [65.98702], Rectified RUL 65.0, Real RUL 71.0
	Engine 8, RUL [62.360073], Rectified RUL 62.0, Real RUL 55.0
	Engine 9, RUL [73.78778], Rectified RUL 73.0, Real RUL 55.0
	Engine 10, RUL [81.61713], Rectified RUL 81.0, Real RUL 66.0
	Engine 11, RUL [78.431915], Rectified RUL 78.0, Real RUL 77.0
	Engine 12, RUL [101.23253], Rectified RUL 101.0, Real RUL 115.0
	Engine 13, RUL [107.99451], Rectified RUL 107.0, Real RUL 115.0
	Engine 14, RUL [25.35936], Rectified RUL 25.0, Real RUL 31.0
	Engine 15, RUL [110.076195], Rectified RUL 110.0, Real RUL 108.0
	Engine 16, RUL [78.159546], Rectified RUL 78.0, Real RUL 56.0
	Engine 17, RUL [107.4279], Rectified RUL 107.0, Real RUL 136.0
	Engine 18, RUL [109.496056], Rectified RUL 109.0, Real RUL 132.0
	Engine 19, RUL [124.96679], Rectified RUL 124.0, Real RUL 85.0
	Engine 20, RUL [71.08672], Rectified RUL 71.0, Real RUL 56.0
	Engine 21, RUL [12.851395], Rectified RUL 12.0, Real RUL 18.0
	Engine 22, RUL [117.635086], Rectified RUL 117.0, Real RUL 119.0
	Engine 23, RUL [79.4183], Rectified RUL 79.0, Real RUL 78.0
	Engine 24, RUL [14.820069], Rectified RUL 14.0, Real RUL 9.0
	Engine 25, RUL [68.35377], Rectified RUL 68.0, Real RUL 58.0
	Engine 26, RUL [-4.2620373], Rectified RUL -5.0, Real RUL 11.0
	Engine 27, RUL [108.53221], Rectified RUL 108.0, Real RUL 88.0
	Engine 28, RUL [118.86081], Rectified RUL 118.0, Real RUL 144.0
	Engine 29, RUL [117.22371], Rectified RUL 117.0, Real RUL 124.0
	Engine 30, RUL [82.596664], Rectified RUL 82.0, Real RUL 89.0
	Engine 31, RUL [81.49379], Rectified RUL 81.0, Real RUL 79.0
	Engine 32, RUL [58.091206], Rectified RUL 58.0, Real RUL 55.0
	Engine 33, RUL [83.607765], Rectified RUL 83.0, Real RUL 71.0
	Engine 34, RUL [98.17609], Rectified RUL 98.0, Real RUL 65.0
	Engine 35, RUL [103.69968], Rectified RUL 103.0, Real RUL 87.0
	Engine 36, RUL [120.09874], Rectified RUL 120.0, Real RUL 137.0
	Engine 37, RUL [126.11679], Rectified RUL 126.0, Real RUL 145.0
	Engine 38, RUL [27.77253], Rectified RUL 27.0, Real RUL 22.0
	Engine 39, RUL [1.699439], Rectified RUL 1.0, Real RUL 8.0
	Engine 40, RUL [39.751316], Rectified RUL 39.0, Real RUL 41.0
	Engine 41, RUL [119.480644], Rectified RUL 119.0, Real RUL 131.0
	Engine 42, RUL [102.06428], Rectified RUL 102.0, Real RUL 115.0
	Engine 43, RUL [115.36769], Rectified RUL 115.0, Real RUL 128.0
	Engine 44, RUL [79.9407], Rectified RUL 79.0, Real RUL 69.0
	Engine 45, RUL [128.95818], Rectified RUL 128.0, Real RUL 111.0
	Engine 46, RUL [-12.445553], Rectified RUL -13.0, Real RUL 7.0
	Engine 47, RUL [120.56035], Rectified RUL 120.0, Real RUL 137.0
	Engine 48, RUL [50.000706], Rectified RUL 50.0, Real RUL 55.0
	Engine 49, RUL [117.51651], Rectified RUL 117.0, Real RUL 135.0
	Engine 50, RUL [12.879597], Rectified RUL 12.0, Real RUL 11.0
	Engine 51, RUL [98.194855], Rectified RUL 98.0, Real RUL 78.0
	Engine 52, RUL [110.11308], Rectified RUL 110.0, Real RUL 120.0
	Engine 53, RUL [108.38683], Rectified RUL 108.0, Real RUL 87.0
	Engine 54, RUL [127.26546], Rectified RUL 127.0, Real RUL 87.0
	Engine 55, RUL [53.308895], Rectified RUL 53.0, Real RUL 55.0
	Engine 56, RUL [88.45917], Rectified RUL 88.0, Real RUL 93.0
	Engine 57, RUL [85.63466], Rectified RUL 85.0, Real RUL 88.0
	Engine 58, RUL [46.57271], Rectified RUL 46.0, Real RUL 40.0
	Engine 59, RUL [42.884293], Rectified RUL 42.0, Real RUL 49.0
	Engine 60, RUL [107.10506], Rectified RUL 107.0, Real RUL 128.0
	Engine 61, RUL [132.49745], Rectified RUL 132.0, Real RUL 129.0
	Engine 62, RUL [69.99247], Rectified RUL 69.0, Real RUL 58.0
	Engine 63, RUL [119.780174], Rectified RUL 119.0, Real RUL 117.0
	Engine 64, RUL [27.08458], Rectified RUL 27.0, Real RUL 28.0
	Engine 65, RUL [130.72313], Rectified RUL 130.0, Real RUL 115.0
	Engine 66, RUL [92.5378], Rectified RUL 92.0, Real RUL 87.0
	Engine 67, RUL [110.24954], Rectified RUL 110.0, Real RUL 92.0
	Engine 68, RUL [108.26839], Rectified RUL 108.0, Real RUL 103.0
	Engine 69, RUL [123.44912], Rectified RUL 123.0, Real RUL 100.0
	Engine 70, RUL [83.630005], Rectified RUL 83.0, Real RUL 63.0
	Engine 71, RUL [35.469906], Rectified RUL 35.0, Real RUL 35.0
	Engine 72, RUL [52.61325], Rectified RUL 52.0, Real RUL 45.0
	Engine 73, RUL [119.72127], Rectified RUL 119.0, Real RUL 99.0
	Engine 74, RUL [128.14691], Rectified RUL 128.0, Real RUL 117.0
	Engine 75, RUL [55.717163], Rectified RUL 55.0, Real RUL 45.0
	Engine 76, RUL [27.589512], Rectified RUL 27.0, Real RUL 27.0
	Engine 77, RUL [79.13329], Rectified RUL 79.0, Real RUL 86.0
	Engine 78, RUL [24.753387], Rectified RUL 24.0, Real RUL 20.0
	Engine 79, RUL [23.471436], Rectified RUL 23.0, Real RUL 18.0
	Engine 80, RUL [123.05388], Rectified RUL 123.0, Real RUL 133.0
	Engine 81, RUL [2.2728348], Rectified RUL 2.0, Real RUL 15.0
	Engine 82, RUL [-3.196312], Rectified RUL -4.0, Real RUL 6.0
	Engine 83, RUL [117.698654], Rectified RUL 117.0, Real RUL 145.0
	Engine 84, RUL [86.5238], Rectified RUL 86.0, Real RUL 104.0
	Engine 85, RUL [93.4621], Rectified RUL 93.0, Real RUL 56.0
	Engine 86, RUL [25.28682], Rectified RUL 25.0, Real RUL 25.0
	Engine 87, RUL [71.68493], Rectified RUL 71.0, Real RUL 68.0
	Engine 88, RUL [124.51679], Rectified RUL 124.0, Real RUL 144.0
	Engine 89, RUL [59.81042], Rectified RUL 59.0, Real RUL 41.0
	Engine 90, RUL [51.12789], Rectified RUL 51.0, Real RUL 51.0
	Engine 91, RUL [97.7549], Rectified RUL 97.0, Real RUL 81.0
	Engine 92, RUL [12.405635], Rectified RUL 12.0, Real RUL 14.0
	Engine 93, RUL [90.08939], Rectified RUL 90.0, Real RUL 67.0
	Engine 94, RUL [7.957943], Rectified RUL 7.0, Real RUL 10.0
	Engine 95, RUL [101.59212], Rectified RUL 101.0, Real RUL 127.0
	Engine 96, RUL [79.58731], Rectified RUL 79.0, Real RUL 113.0
	Engine 97, RUL [130.60393], Rectified RUL 130.0, Real RUL 123.0
	Engine 98, RUL [21.661991], Rectified RUL 21.0, Real RUL 17.0
	Engine 99, RUL [5.878827], Rectified RUL 5.0, Real RUL 8.0
	Engine 100, RUL [27.357376], Rectified RUL 27.0, Real RUL 28.0
	Engine 1, RUL [58.129208], Rectified RUL 58.0, Real RUL 44.0
	Engine 2, RUL [81.542244], Rectified RUL 81.0, Real RUL 51.0
	Engine 3, RUL [35.028465], Rectified RUL 35.0, Real RUL 27.0
	Engine 4, RUL [126.94246], Rectified RUL 126.0, Real RUL 120.0
	Engine 5, RUL [115.11011], Rectified RUL 115.0, Real RUL 101.0
	Engine 6, RUL [108.190994], Rectified RUL 108.0, Real RUL 99.0
	Engine 7, RUL [66.34554], Rectified RUL 66.0, Real RUL 71.0
	Engine 8, RUL [62.409737], Rectified RUL 62.0, Real RUL 55.0
	Engine 9, RUL [74.18921], Rectified RUL 74.0, Real RUL 55.0
	Engine 10, RUL [81.591095], Rectified RUL 81.0, Real RUL 66.0
	Engine 11, RUL [79.696045], Rectified RUL 79.0, Real RUL 77.0
	Engine 12, RUL [102.01025], Rectified RUL 102.0, Real RUL 115.0
	Engine 13, RUL [110.33256], Rectified RUL 110.0, Real RUL 115.0
	Engine 14, RUL [22.928663], Rectified RUL 22.0, Real RUL 31.0
	Engine 15, RUL [112.17285], Rectified RUL 112.0, Real RUL 108.0
	Engine 16, RUL [77.06314], Rectified RUL 77.0, Real RUL 56.0
	Engine 17, RUL [108.37119], Rectified RUL 108.0, Real RUL 136.0
	Engine 18, RUL [109.66236], Rectified RUL 109.0, Real RUL 132.0
	Engine 19, RUL [127.382256], Rectified RUL 127.0, Real RUL 85.0
	Engine 20, RUL [69.64631], Rectified RUL 69.0, Real RUL 56.0
	Engine 21, RUL [15.327107], Rectified RUL 15.0, Real RUL 18.0
	Engine 22, RUL [117.54457], Rectified RUL 117.0, Real RUL 119.0
	Engine 23, RUL [80.434006], Rectified RUL 80.0, Real RUL 78.0
	Engine 24, RUL [17.41251], Rectified RUL 17.0, Real RUL 9.0
	Engine 25, RUL [69.16881], Rectified RUL 69.0, Real RUL 58.0
	Engine 26, RUL [-5.8348885], Rectified RUL -6.0, Real RUL 11.0
	Engine 27, RUL [109.50308], Rectified RUL 109.0, Real RUL 88.0
	Engine 28, RUL [121.1634], Rectified RUL 121.0, Real RUL 144.0
	Engine 29, RUL [118.704506], Rectified RUL 118.0, Real RUL 124.0
	Engine 30, RUL [82.63034], Rectified RUL 82.0, Real RUL 89.0
	Engine 31, RUL [81.38489], Rectified RUL 81.0, Real RUL 79.0
	Engine 32, RUL [58.793564], Rectified RUL 58.0, Real RUL 55.0
	Engine 33, RUL [84.0763], Rectified RUL 84.0, Real RUL 71.0
	Engine 34, RUL [101.1525], Rectified RUL 101.0, Real RUL 65.0
	Engine 35, RUL [103.82464], Rectified RUL 103.0, Real RUL 87.0
	Engine 36, RUL [120.31303], Rectified RUL 120.0, Real RUL 137.0
	Engine 37, RUL [126.6868], Rectified RUL 126.0, Real RUL 145.0
	Engine 38, RUL [28.19632], Rectified RUL 28.0, Real RUL 22.0
	Engine 39, RUL [3.04311], Rectified RUL 3.0, Real RUL 8.0
	Engine 40, RUL [40.64078], Rectified RUL 40.0, Real RUL 41.0
	Engine 41, RUL [120.32528], Rectified RUL 120.0, Real RUL 131.0
	Engine 42, RUL [104.72069], Rectified RUL 104.0, Real RUL 115.0
	Engine 43, RUL [114.97851], Rectified RUL 114.0, Real RUL 128.0
	Engine 44, RUL [81.333206], Rectified RUL 81.0, Real RUL 69.0
	Engine 45, RUL [130.46257], Rectified RUL 130.0, Real RUL 111.0
	Engine 46, RUL [-11.272011], Rectified RUL -12.0, Real RUL 7.0
	Engine 47, RUL [122.2888], Rectified RUL 122.0, Real RUL 137.0
	Engine 48, RUL [50.163284], Rectified RUL 50.0, Real RUL 55.0
	Engine 49, RUL [116.7263], Rectified RUL 116.0, Real RUL 135.0
	Engine 50, RUL [11.244341], Rectified RUL 11.0, Real RUL 11.0
	Engine 51, RUL [98.94136], Rectified RUL 98.0, Real RUL 78.0
	Engine 52, RUL [111.58116], Rectified RUL 111.0, Real RUL 120.0
	Engine 53, RUL [109.89576], Rectified RUL 109.0, Real RUL 87.0
	Engine 54, RUL [129.60469], Rectified RUL 129.0, Real RUL 87.0
	Engine 55, RUL [52.790108], Rectified RUL 52.0, Real RUL 55.0
	Engine 56, RUL [89.996895], Rectified RUL 89.0, Real RUL 93.0
	Engine 57, RUL [86.46891], Rectified RUL 86.0, Real RUL 88.0
	Engine 58, RUL [44.914604], Rectified RUL 44.0, Real RUL 40.0
	Engine 59, RUL [43.26857], Rectified RUL 43.0, Real RUL 49.0
	Engine 60, RUL [109.200554], Rectified RUL 109.0, Real RUL 128.0
	Engine 61, RUL [133.43323], Rectified RUL 133.0, Real RUL 129.0
	Engine 62, RUL [68.293076], Rectified RUL 68.0, Real RUL 58.0
	Engine 63, RUL [119.98137], Rectified RUL 119.0, Real RUL 117.0
	Engine 64, RUL [26.803062], Rectified RUL 26.0, Real RUL 28.0
	Engine 65, RUL [132.59554], Rectified RUL 132.0, Real RUL 115.0
	Engine 66, RUL [94.43171], Rectified RUL 94.0, Real RUL 87.0
	Engine 67, RUL [111.398125], Rectified RUL 111.0, Real RUL 92.0
	Engine 68, RUL [107.685905], Rectified RUL 107.0, Real RUL 103.0
	Engine 69, RUL [123.92209], Rectified RUL 123.0, Real RUL 100.0
	Engine 70, RUL [83.48967], Rectified RUL 83.0, Real RUL 63.0
	Engine 71, RUL [36.93821], Rectified RUL 36.0, Real RUL 35.0
	Engine 72, RUL [50.601795], Rectified RUL 50.0, Real RUL 45.0
	Engine 73, RUL [121.7475], Rectified RUL 121.0, Real RUL 99.0
	Engine 74, RUL [128.49527], Rectified RUL 128.0, Real RUL 117.0
	Engine 75, RUL [55.087887], Rectified RUL 55.0, Real RUL 45.0
	Engine 76, RUL [25.881325], Rectified RUL 25.0, Real RUL 27.0
	Engine 77, RUL [79.278015], Rectified RUL 79.0, Real RUL 86.0
	Engine 78, RUL [25.875834], Rectified RUL 25.0, Real RUL 20.0
	Engine 79, RUL [22.729351], Rectified RUL 22.0, Real RUL 18.0
	Engine 80, RUL [125.66687], Rectified RUL 125.0, Real RUL 133.0
	Engine 81, RUL [3.6097012], Rectified RUL 3.0, Real RUL 15.0
	Engine 82, RUL [-1.6522988], Rectified RUL -2.0, Real RUL 6.0
	Engine 83, RUL [119.7556], Rectified RUL 119.0, Real RUL 145.0
	Engine 84, RUL [86.567764], Rectified RUL 86.0, Real RUL 104.0
	Engine 85, RUL [93.30495], Rectified RUL 93.0, Real RUL 56.0
	Engine 86, RUL [24.741535], Rectified RUL 24.0, Real RUL 25.0
	Engine 87, RUL [71.08612], Rectified RUL 71.0, Real RUL 68.0
	Engine 88, RUL [126.489136], Rectified RUL 126.0, Real RUL 144.0
	Engine 89, RUL [58.925213], Rectified RUL 58.0, Real RUL 41.0
	Engine 90, RUL [51.617237], Rectified RUL 51.0, Real RUL 51.0
	Engine 91, RUL [98.202576], Rectified RUL 98.0, Real RUL 81.0
	Engine 92, RUL [14.01037], Rectified RUL 14.0, Real RUL 14.0
	Engine 93, RUL [89.26013], Rectified RUL 89.0, Real RUL 67.0
	Engine 94, RUL [10.600208], Rectified RUL 10.0, Real RUL 10.0
	Engine 95, RUL [102.68375], Rectified RUL 102.0, Real RUL 127.0
	Engine 96, RUL [82.55], Rectified RUL 82.0, Real RUL 113.0
	Engine 97, RUL [132.36388], Rectified RUL 132.0, Real RUL 123.0
	Engine 98, RUL [20.249302], Rectified RUL 20.0, Real RUL 17.0
	Engine 99, RUL [7.5416594], Rectified RUL 7.0, Real RUL 8.0
	Engine 100, RUL [28.909225], Rectified RUL 28.0, Real RUL 28.0
	Engine 1, RUL [57.706444], Rectified RUL 57.0, Real RUL 44.0
	Engine 2, RUL [78.5284], Rectified RUL 78.0, Real RUL 51.0
	Engine 3, RUL [35.890274], Rectified RUL 35.0, Real RUL 27.0
	Engine 4, RUL [124.51242], Rectified RUL 124.0, Real RUL 120.0
	Engine 5, RUL [108.59003], Rectified RUL 108.0, Real RUL 101.0
	Engine 6, RUL [106.27526], Rectified RUL 106.0, Real RUL 99.0
	Engine 7, RUL [63.721474], Rectified RUL 63.0, Real RUL 71.0
	Engine 8, RUL [60.807053], Rectified RUL 60.0, Real RUL 55.0
	Engine 9, RUL [71.667694], Rectified RUL 71.0, Real RUL 55.0
	Engine 10, RUL [78.841255], Rectified RUL 78.0, Real RUL 66.0
	Engine 11, RUL [78.7201], Rectified RUL 78.0, Real RUL 77.0
	Engine 12, RUL [99.68967], Rectified RUL 99.0, Real RUL 115.0
	Engine 13, RUL [109.08654], Rectified RUL 109.0, Real RUL 115.0
	Engine 14, RUL [22.114527], Rectified RUL 22.0, Real RUL 31.0
	Engine 15, RUL [106.86038], Rectified RUL 106.0, Real RUL 108.0
	Engine 16, RUL [67.98105], Rectified RUL 67.0, Real RUL 56.0
	Engine 17, RUL [104.18264], Rectified RUL 104.0, Real RUL 136.0
	Engine 18, RUL [103.55883], Rectified RUL 103.0, Real RUL 132.0
	Engine 19, RUL [124.63495], Rectified RUL 124.0, Real RUL 85.0
	Engine 20, RUL [67.47205], Rectified RUL 67.0, Real RUL 56.0
	Engine 21, RUL [17.510073], Rectified RUL 17.0, Real RUL 18.0
	Engine 22, RUL [112.450325], Rectified RUL 112.0, Real RUL 119.0
	Engine 23, RUL [80.19079], Rectified RUL 80.0, Real RUL 78.0
	Engine 24, RUL [19.623562], Rectified RUL 19.0, Real RUL 9.0
	Engine 25, RUL [67.907936], Rectified RUL 67.0, Real RUL 58.0
	Engine 26, RUL [-7.2380486], Rectified RUL -8.0, Real RUL 11.0
	Engine 27, RUL [107.03327], Rectified RUL 107.0, Real RUL 88.0
	Engine 28, RUL [117.695], Rectified RUL 117.0, Real RUL 144.0
	Engine 29, RUL [114.79994], Rectified RUL 114.0, Real RUL 124.0
	Engine 30, RUL [79.940544], Rectified RUL 79.0, Real RUL 89.0
	Engine 31, RUL [78.91057], Rectified RUL 78.0, Real RUL 79.0
	Engine 32, RUL [58.4692], Rectified RUL 58.0, Real RUL 55.0
	Engine 33, RUL [81.884995], Rectified RUL 81.0, Real RUL 71.0
	Engine 34, RUL [100.552635], Rectified RUL 100.0, Real RUL 65.0
	Engine 35, RUL [99.7899], Rectified RUL 99.0, Real RUL 87.0
	Engine 36, RUL [113.15062], Rectified RUL 113.0, Real RUL 137.0
	Engine 37, RUL [122.60527], Rectified RUL 122.0, Real RUL 145.0
	Engine 38, RUL [27.494673], Rectified RUL 27.0, Real RUL 22.0
	Engine 39, RUL [4.7967176], Rectified RUL 4.0, Real RUL 8.0
	Engine 40, RUL [40.48368], Rectified RUL 40.0, Real RUL 41.0
	Engine 41, RUL [114.378365], Rectified RUL 114.0, Real RUL 131.0
	Engine 42, RUL [103.62268], Rectified RUL 103.0, Real RUL 115.0
	Engine 43, RUL [107.97161], Rectified RUL 107.0, Real RUL 128.0
	Engine 44, RUL [79.543045], Rectified RUL 79.0, Real RUL 69.0
	Engine 45, RUL [126.09057], Rectified RUL 126.0, Real RUL 111.0
	Engine 46, RUL [-7.674718], Rectified RUL -8.0, Real RUL 7.0
	Engine 47, RUL [119.248375], Rectified RUL 119.0, Real RUL 137.0
	Engine 48, RUL [50.37874], Rectified RUL 50.0, Real RUL 55.0
	Engine 49, RUL [108.88562], Rectified RUL 108.0, Real RUL 135.0
	Engine 50, RUL [11.753237], Rectified RUL 11.0, Real RUL 11.0
	Engine 51, RUL [96.15188], Rectified RUL 96.0, Real RUL 78.0
	Engine 52, RUL [109.2552], Rectified RUL 109.0, Real RUL 120.0
	Engine 53, RUL [107.302475], Rectified RUL 107.0, Real RUL 87.0
	Engine 54, RUL [126.43895], Rectified RUL 126.0, Real RUL 87.0
	Engine 55, RUL [50.14794], Rectified RUL 50.0, Real RUL 55.0
	Engine 56, RUL [88.64255], Rectified RUL 88.0, Real RUL 93.0
	Engine 57, RUL [84.32513], Rectified RUL 84.0, Real RUL 88.0
	Engine 58, RUL [40.80111], Rectified RUL 40.0, Real RUL 40.0
	Engine 59, RUL [43.01307], Rectified RUL 43.0, Real RUL 49.0
	Engine 60, RUL [107.47747], Rectified RUL 107.0, Real RUL 128.0
	Engine 61, RUL [127.51551], Rectified RUL 127.0, Real RUL 129.0
	Engine 62, RUL [63.49124], Rectified RUL 63.0, Real RUL 58.0
	Engine 63, RUL [116.27843], Rectified RUL 116.0, Real RUL 117.0
	Engine 64, RUL [26.48788], Rectified RUL 26.0, Real RUL 28.0
	Engine 65, RUL [128.27013], Rectified RUL 128.0, Real RUL 115.0
	Engine 66, RUL [93.57855], Rectified RUL 93.0, Real RUL 87.0
	Engine 67, RUL [109.83699], Rectified RUL 109.0, Real RUL 92.0
	Engine 68, RUL [100.313774], Rectified RUL 100.0, Real RUL 103.0
	Engine 69, RUL [120.15657], Rectified RUL 120.0, Real RUL 100.0
	Engine 70, RUL [79.748695], Rectified RUL 79.0, Real RUL 63.0
	Engine 71, RUL [38.09845], Rectified RUL 38.0, Real RUL 35.0
	Engine 72, RUL [47.649696], Rectified RUL 47.0, Real RUL 45.0
	Engine 73, RUL [117.88285], Rectified RUL 117.0, Real RUL 99.0
	Engine 74, RUL [123.47507], Rectified RUL 123.0, Real RUL 117.0
	Engine 75, RUL [53.448044], Rectified RUL 53.0, Real RUL 45.0
	Engine 76, RUL [23.809895], Rectified RUL 23.0, Real RUL 27.0
	Engine 77, RUL [77.7117], Rectified RUL 77.0, Real RUL 86.0
	Engine 78, RUL [26.867369], Rectified RUL 26.0, Real RUL 20.0
	Engine 79, RUL [23.085962], Rectified RUL 23.0, Real RUL 18.0
	Engine 80, RUL [119.21841], Rectified RUL 119.0, Real RUL 133.0
	Engine 81, RUL [5.771079], Rectified RUL 5.0, Real RUL 15.0
	Engine 82, RUL [1.6500177], Rectified RUL 1.0, Real RUL 6.0
	Engine 83, RUL [117.52883], Rectified RUL 117.0, Real RUL 145.0
	Engine 84, RUL [83.510185], Rectified RUL 83.0, Real RUL 104.0
	Engine 85, RUL [89.592804], Rectified RUL 89.0, Real RUL 56.0
	Engine 86, RUL [25.21467], Rectified RUL 25.0, Real RUL 25.0
	Engine 87, RUL [67.91063], Rectified RUL 67.0, Real RUL 68.0
	Engine 88, RUL [122.62233], Rectified RUL 122.0, Real RUL 144.0
	Engine 89, RUL [53.172806], Rectified RUL 53.0, Real RUL 41.0
	Engine 90, RUL [50.009285], Rectified RUL 50.0, Real RUL 51.0
	Engine 91, RUL [95.69259], Rectified RUL 95.0, Real RUL 81.0
	Engine 92, RUL [15.739492], Rectified RUL 15.0, Real RUL 14.0
	Engine 93, RUL [84.32888], Rectified RUL 84.0, Real RUL 67.0
	Engine 94, RUL [13.2886], Rectified RUL 13.0, Real RUL 10.0
	Engine 95, RUL [98.523476], Rectified RUL 98.0, Real RUL 127.0
	Engine 96, RUL [84.31622], Rectified RUL 84.0, Real RUL 113.0
	Engine 97, RUL [128.02763], Rectified RUL 128.0, Real RUL 123.0
	Engine 98, RUL [20.795519], Rectified RUL 20.0, Real RUL 17.0
	Engine 99, RUL [9.784799], Rectified RUL 9.0, Real RUL 8.0
	Engine 100, RUL [30.015032], Rectified RUL 30.0, Real RUL 28.0
	Engine 1, RUL [57.268894], Rectified RUL 57.0, Real RUL 44.0
	Engine 2, RUL [81.254745], Rectified RUL 81.0, Real RUL 51.0
	Engine 3, RUL [34.158955], Rectified RUL 34.0, Real RUL 27.0
	Engine 4, RUL [128.26103], Rectified RUL 128.0, Real RUL 120.0
	Engine 5, RUL [112.79571], Rectified RUL 112.0, Real RUL 101.0
	Engine 6, RUL [108.60336], Rectified RUL 108.0, Real RUL 99.0
	Engine 7, RUL [67.21203], Rectified RUL 67.0, Real RUL 71.0
	Engine 8, RUL [64.26029], Rectified RUL 64.0, Real RUL 55.0
	Engine 9, RUL [74.24363], Rectified RUL 74.0, Real RUL 55.0
	Engine 10, RUL [80.253075], Rectified RUL 80.0, Real RUL 66.0
	Engine 11, RUL [81.55899], Rectified RUL 81.0, Real RUL 77.0
	Engine 12, RUL [102.424675], Rectified RUL 102.0, Real RUL 115.0
	Engine 13, RUL [112.00831], Rectified RUL 112.0, Real RUL 115.0
	Engine 14, RUL [23.778141], Rectified RUL 23.0, Real RUL 31.0
	Engine 15, RUL [111.38979], Rectified RUL 111.0, Real RUL 108.0
	Engine 16, RUL [72.288445], Rectified RUL 72.0, Real RUL 56.0
	Engine 17, RUL [107.463425], Rectified RUL 107.0, Real RUL 136.0
	Engine 18, RUL [107.210655], Rectified RUL 107.0, Real RUL 132.0
	Engine 19, RUL [126.87529], Rectified RUL 126.0, Real RUL 85.0
	Engine 20, RUL [67.56], Rectified RUL 67.0, Real RUL 56.0
	Engine 21, RUL [18.114714], Rectified RUL 18.0, Real RUL 18.0
	Engine 22, RUL [115.90127], Rectified RUL 115.0, Real RUL 119.0
	Engine 23, RUL [80.744255], Rectified RUL 80.0, Real RUL 78.0
	Engine 24, RUL [18.502787], Rectified RUL 18.0, Real RUL 9.0
	Engine 25, RUL [71.67733], Rectified RUL 71.0, Real RUL 58.0
	Engine 26, RUL [-3.235839], Rectified RUL -4.0, Real RUL 11.0
	Engine 27, RUL [109.04772], Rectified RUL 109.0, Real RUL 88.0
	Engine 28, RUL [121.12365], Rectified RUL 121.0, Real RUL 144.0
	Engine 29, RUL [117.89395], Rectified RUL 117.0, Real RUL 124.0
	Engine 30, RUL [80.87266], Rectified RUL 80.0, Real RUL 89.0
	Engine 31, RUL [80.32011], Rectified RUL 80.0, Real RUL 79.0
	Engine 32, RUL [61.80603], Rectified RUL 61.0, Real RUL 55.0
	Engine 33, RUL [83.81299], Rectified RUL 83.0, Real RUL 71.0
	Engine 34, RUL [105.63138], Rectified RUL 105.0, Real RUL 65.0
	Engine 35, RUL [102.403755], Rectified RUL 102.0, Real RUL 87.0
	Engine 36, RUL [117.35665], Rectified RUL 117.0, Real RUL 137.0
	Engine 37, RUL [125.13323], Rectified RUL 125.0, Real RUL 145.0
	Engine 38, RUL [30.214905], Rectified RUL 30.0, Real RUL 22.0
	Engine 39, RUL [3.8458939], Rectified RUL 3.0, Real RUL 8.0
	Engine 40, RUL [40.666275], Rectified RUL 40.0, Real RUL 41.0
	Engine 41, RUL [118.605385], Rectified RUL 118.0, Real RUL 131.0
	Engine 42, RUL [107.8409], Rectified RUL 107.0, Real RUL 115.0
	Engine 43, RUL [111.72462], Rectified RUL 111.0, Real RUL 128.0
	Engine 44, RUL [83.46461], Rectified RUL 83.0, Real RUL 69.0
	Engine 45, RUL [129.83638], Rectified RUL 129.0, Real RUL 111.0
	Engine 46, RUL [-7.9572353], Rectified RUL -8.0, Real RUL 7.0
	Engine 47, RUL [122.174484], Rectified RUL 122.0, Real RUL 137.0
	Engine 48, RUL [53.600956], Rectified RUL 53.0, Real RUL 55.0
	Engine 49, RUL [113.350365], Rectified RUL 113.0, Real RUL 135.0
	Engine 50, RUL [15.832426], Rectified RUL 15.0, Real RUL 11.0
	Engine 51, RUL [98.25488], Rectified RUL 98.0, Real RUL 78.0
	Engine 52, RUL [110.87299], Rectified RUL 110.0, Real RUL 120.0
	Engine 53, RUL [109.527336], Rectified RUL 109.0, Real RUL 87.0
	Engine 54, RUL [129.19191], Rectified RUL 129.0, Real RUL 87.0
	Engine 55, RUL [53.050564], Rectified RUL 53.0, Real RUL 55.0
	Engine 56, RUL [91.85298], Rectified RUL 91.0, Real RUL 93.0
	Engine 57, RUL [87.135506], Rectified RUL 87.0, Real RUL 88.0
	Engine 58, RUL [42.280354], Rectified RUL 42.0, Real RUL 40.0
	Engine 59, RUL [45.174988], Rectified RUL 45.0, Real RUL 49.0
	Engine 60, RUL [110.28332], Rectified RUL 110.0, Real RUL 128.0
	Engine 61, RUL [131.30815], Rectified RUL 131.0, Real RUL 129.0
	Engine 62, RUL [64.50604], Rectified RUL 64.0, Real RUL 58.0
	Engine 63, RUL [118.97251], Rectified RUL 118.0, Real RUL 117.0
	Engine 64, RUL [25.693949], Rectified RUL 25.0, Real RUL 28.0
	Engine 65, RUL [131.66588], Rectified RUL 131.0, Real RUL 115.0
	Engine 66, RUL [97.87457], Rectified RUL 97.0, Real RUL 87.0
	Engine 67, RUL [111.81213], Rectified RUL 111.0, Real RUL 92.0
	Engine 68, RUL [104.00888], Rectified RUL 104.0, Real RUL 103.0
	Engine 69, RUL [122.76737], Rectified RUL 122.0, Real RUL 100.0
	Engine 70, RUL [81.70274], Rectified RUL 81.0, Real RUL 63.0
	Engine 71, RUL [37.8292], Rectified RUL 37.0, Real RUL 35.0
	Engine 72, RUL [47.519176], Rectified RUL 47.0, Real RUL 45.0
	Engine 73, RUL [119.4654], Rectified RUL 119.0, Real RUL 99.0
	Engine 74, RUL [127.55901], Rectified RUL 127.0, Real RUL 117.0
	Engine 75, RUL [55.58023], Rectified RUL 55.0, Real RUL 45.0
	Engine 76, RUL [26.221882], Rectified RUL 26.0, Real RUL 27.0
	Engine 77, RUL [78.17099], Rectified RUL 78.0, Real RUL 86.0
	Engine 78, RUL [25.968096], Rectified RUL 25.0, Real RUL 20.0
	Engine 79, RUL [26.689756], Rectified RUL 26.0, Real RUL 18.0
	Engine 80, RUL [123.97723], Rectified RUL 123.0, Real RUL 133.0
	Engine 81, RUL [6.5315237], Rectified RUL 6.0, Real RUL 15.0
	Engine 82, RUL [0.62476265], Rectified RUL 0.0, Real RUL 6.0
	Engine 83, RUL [120.98242], Rectified RUL 120.0, Real RUL 145.0
	Engine 84, RUL [84.081116], Rectified RUL 84.0, Real RUL 104.0
	Engine 85, RUL [92.0876], Rectified RUL 92.0, Real RUL 56.0
	Engine 86, RUL [26.68583], Rectified RUL 26.0, Real RUL 25.0
	Engine 87, RUL [68.88664], Rectified RUL 68.0, Real RUL 68.0
	Engine 88, RUL [126.47136], Rectified RUL 126.0, Real RUL 144.0
	Engine 89, RUL [55.359493], Rectified RUL 55.0, Real RUL 41.0
	Engine 90, RUL [51.148117], Rectified RUL 51.0, Real RUL 51.0
	Engine 91, RUL [97.86358], Rectified RUL 97.0, Real RUL 81.0
	Engine 92, RUL [15.283953], Rectified RUL 15.0, Real RUL 14.0
	Engine 93, RUL [86.47354], Rectified RUL 86.0, Real RUL 67.0
	Engine 94, RUL [12.734856], Rectified RUL 12.0, Real RUL 10.0
	Engine 95, RUL [101.55268], Rectified RUL 101.0, Real RUL 127.0
	Engine 96, RUL [85.68105], Rectified RUL 85.0, Real RUL 113.0
	Engine 97, RUL [131.556], Rectified RUL 131.0, Real RUL 123.0
	Engine 98, RUL [22.0594], Rectified RUL 22.0, Real RUL 17.0
	Engine 99, RUL [9.062287], Rectified RUL 9.0, Real RUL 8.0
	Engine 100, RUL [30.267864], Rectified RUL 30.0, Real RUL 28.0
	Engine 1, RUL [56.76983], Rectified RUL 56.0, Real RUL 44.0
	Engine 2, RUL [79.34185], Rectified RUL 79.0, Real RUL 51.0
	Engine 3, RUL [32.707817], Rectified RUL 32.0, Real RUL 27.0
	Engine 4, RUL [127.823204], Rectified RUL 127.0, Real RUL 120.0
	Engine 5, RUL [112.57456], Rectified RUL 112.0, Real RUL 101.0
	Engine 6, RUL [109.07239], Rectified RUL 109.0, Real RUL 99.0
	Engine 7, RUL [65.92671], Rectified RUL 65.0, Real RUL 71.0
	Engine 8, RUL [62.383694], Rectified RUL 62.0, Real RUL 55.0
	Engine 9, RUL [73.089134], Rectified RUL 73.0, Real RUL 55.0
	Engine 10, RUL [80.28956], Rectified RUL 80.0, Real RUL 66.0
	Engine 11, RUL [81.06908], Rectified RUL 81.0, Real RUL 77.0
	Engine 12, RUL [102.295395], Rectified RUL 102.0, Real RUL 115.0
	Engine 13, RUL [113.40266], Rectified RUL 113.0, Real RUL 115.0
	Engine 14, RUL [20.35727], Rectified RUL 20.0, Real RUL 31.0
	Engine 15, RUL [112.875336], Rectified RUL 112.0, Real RUL 108.0
	Engine 16, RUL [73.270836], Rectified RUL 73.0, Real RUL 56.0
	Engine 17, RUL [108.34267], Rectified RUL 108.0, Real RUL 136.0
	Engine 18, RUL [108.12841], Rectified RUL 108.0, Real RUL 132.0
	Engine 19, RUL [127.24891], Rectified RUL 127.0, Real RUL 85.0
	Engine 20, RUL [66.61465], Rectified RUL 66.0, Real RUL 56.0
	Engine 21, RUL [17.837238], Rectified RUL 17.0, Real RUL 18.0
	Engine 22, RUL [116.78405], Rectified RUL 116.0, Real RUL 119.0
	Engine 23, RUL [81.25298], Rectified RUL 81.0, Real RUL 78.0
	Engine 24, RUL [15.980766], Rectified RUL 15.0, Real RUL 9.0
	Engine 25, RUL [69.587814], Rectified RUL 69.0, Real RUL 58.0
	Engine 26, RUL [-4.614744], Rectified RUL -5.0, Real RUL 11.0
	Engine 27, RUL [109.33152], Rectified RUL 109.0, Real RUL 88.0
	Engine 28, RUL [120.99545], Rectified RUL 120.0, Real RUL 144.0
	Engine 29, RUL [118.35318], Rectified RUL 118.0, Real RUL 124.0
	Engine 30, RUL [81.63941], Rectified RUL 81.0, Real RUL 89.0
	Engine 31, RUL [80.91817], Rectified RUL 80.0, Real RUL 79.0
	Engine 32, RUL [60.066914], Rectified RUL 60.0, Real RUL 55.0
	Engine 33, RUL [84.21436], Rectified RUL 84.0, Real RUL 71.0
	Engine 34, RUL [105.05961], Rectified RUL 105.0, Real RUL 65.0
	Engine 35, RUL [103.18816], Rectified RUL 103.0, Real RUL 87.0
	Engine 36, RUL [118.52508], Rectified RUL 118.0, Real RUL 137.0
	Engine 37, RUL [125.10908], Rectified RUL 125.0, Real RUL 145.0
	Engine 38, RUL [28.368484], Rectified RUL 28.0, Real RUL 22.0
	Engine 39, RUL [2.0194345], Rectified RUL 2.0, Real RUL 8.0
	Engine 40, RUL [40.605976], Rectified RUL 40.0, Real RUL 41.0
	Engine 41, RUL [118.1879], Rectified RUL 118.0, Real RUL 131.0
	Engine 42, RUL [107.62577], Rectified RUL 107.0, Real RUL 115.0
	Engine 43, RUL [112.57995], Rectified RUL 112.0, Real RUL 128.0
	Engine 44, RUL [82.61198], Rectified RUL 82.0, Real RUL 69.0
	Engine 45, RUL [129.63649], Rectified RUL 129.0, Real RUL 111.0
	Engine 46, RUL [-9.036712], Rectified RUL -10.0, Real RUL 7.0
	Engine 47, RUL [122.887566], Rectified RUL 122.0, Real RUL 137.0
	Engine 48, RUL [51.82016], Rectified RUL 51.0, Real RUL 55.0
	Engine 49, RUL [114.253044], Rectified RUL 114.0, Real RUL 135.0
	Engine 50, RUL [12.664732], Rectified RUL 12.0, Real RUL 11.0
	Engine 51, RUL [98.12551], Rectified RUL 98.0, Real RUL 78.0
	Engine 52, RUL [111.320435], Rectified RUL 111.0, Real RUL 120.0
	Engine 53, RUL [110.29599], Rectified RUL 110.0, Real RUL 87.0
	Engine 54, RUL [129.45613], Rectified RUL 129.0, Real RUL 87.0
	Engine 55, RUL [51.268303], Rectified RUL 51.0, Real RUL 55.0
	Engine 56, RUL [92.14469], Rectified RUL 92.0, Real RUL 93.0
	Engine 57, RUL [86.40045], Rectified RUL 86.0, Real RUL 88.0
	Engine 58, RUL [40.975647], Rectified RUL 40.0, Real RUL 40.0
	Engine 59, RUL [43.54788], Rectified RUL 43.0, Real RUL 49.0
	Engine 60, RUL [111.47721], Rectified RUL 111.0, Real RUL 128.0
	Engine 61, RUL [130.77638], Rectified RUL 130.0, Real RUL 129.0
	Engine 62, RUL [64.1852], Rectified RUL 64.0, Real RUL 58.0
	Engine 63, RUL [119.386665], Rectified RUL 119.0, Real RUL 117.0
	Engine 64, RUL [25.33916], Rectified RUL 25.0, Real RUL 28.0
	Engine 65, RUL [131.40504], Rectified RUL 131.0, Real RUL 115.0
	Engine 66, RUL [97.740616], Rectified RUL 97.0, Real RUL 87.0
	Engine 67, RUL [112.7515], Rectified RUL 112.0, Real RUL 92.0
	Engine 68, RUL [105.05506], Rectified RUL 105.0, Real RUL 103.0
	Engine 69, RUL [122.730774], Rectified RUL 122.0, Real RUL 100.0
	Engine 70, RUL [80.42529], Rectified RUL 80.0, Real RUL 63.0
	Engine 71, RUL [36.54145], Rectified RUL 36.0, Real RUL 35.0
	Engine 72, RUL [46.392467], Rectified RUL 46.0, Real RUL 45.0
	Engine 73, RUL [119.43596], Rectified RUL 119.0, Real RUL 99.0
	Engine 74, RUL [127.12681], Rectified RUL 127.0, Real RUL 117.0
	Engine 75, RUL [56.64105], Rectified RUL 56.0, Real RUL 45.0
	Engine 76, RUL [24.579718], Rectified RUL 24.0, Real RUL 27.0
	Engine 77, RUL [78.48609], Rectified RUL 78.0, Real RUL 86.0
	Engine 78, RUL [24.72377], Rectified RUL 24.0, Real RUL 20.0
	Engine 79, RUL [24.190704], Rectified RUL 24.0, Real RUL 18.0
	Engine 80, RUL [124.04306], Rectified RUL 124.0, Real RUL 133.0
	Engine 81, RUL [6.4766307], Rectified RUL 6.0, Real RUL 15.0
	Engine 82, RUL [-1.1241385], Rectified RUL -2.0, Real RUL 6.0
	Engine 83, RUL [120.274185], Rectified RUL 120.0, Real RUL 145.0
	Engine 84, RUL [84.43859], Rectified RUL 84.0, Real RUL 104.0
	Engine 85, RUL [92.5773], Rectified RUL 92.0, Real RUL 56.0
	Engine 86, RUL [25.510113], Rectified RUL 25.0, Real RUL 25.0
	Engine 87, RUL [69.14143], Rectified RUL 69.0, Real RUL 68.0
	Engine 88, RUL [126.81527], Rectified RUL 126.0, Real RUL 144.0
	Engine 89, RUL [55.374077], Rectified RUL 55.0, Real RUL 41.0
	Engine 90, RUL [51.045815], Rectified RUL 51.0, Real RUL 51.0
	Engine 91, RUL [97.68184], Rectified RUL 97.0, Real RUL 81.0
	Engine 92, RUL [13.632005], Rectified RUL 13.0, Real RUL 14.0
	Engine 93, RUL [86.78379], Rectified RUL 86.0, Real RUL 67.0
	Engine 94, RUL [10.751693], Rectified RUL 10.0, Real RUL 10.0
	Engine 95, RUL [102.27456], Rectified RUL 102.0, Real RUL 127.0
	Engine 96, RUL [86.64643], Rectified RUL 86.0, Real RUL 113.0
	Engine 97, RUL [131.27133], Rectified RUL 131.0, Real RUL 123.0
	Engine 98, RUL [20.367525], Rectified RUL 20.0, Real RUL 17.0
	Engine 99, RUL [7.113274], Rectified RUL 7.0, Real RUL 8.0
	Engine 100, RUL [29.899956], Rectified RUL 29.0, Real RUL 28.0
	Engine 1, RUL [58.091568], Rectified RUL 58.0, Real RUL 44.0
	Engine 2, RUL [81.09862], Rectified RUL 81.0, Real RUL 51.0
	Engine 3, RUL [34.5917], Rectified RUL 34.0, Real RUL 27.0
	Engine 4, RUL [130.18983], Rectified RUL 130.0, Real RUL 120.0
	Engine 5, RUL [116.5273], Rectified RUL 116.0, Real RUL 101.0
	Engine 6, RUL [111.95374], Rectified RUL 111.0, Real RUL 99.0
	Engine 7, RUL [68.53083], Rectified RUL 68.0, Real RUL 71.0
	Engine 8, RUL [64.66471], Rectified RUL 64.0, Real RUL 55.0
	Engine 9, RUL [74.63346], Rectified RUL 74.0, Real RUL 55.0
	Engine 10, RUL [82.18702], Rectified RUL 82.0, Real RUL 66.0
	Engine 11, RUL [83.0315], Rectified RUL 83.0, Real RUL 77.0
	Engine 12, RUL [104.6369], Rectified RUL 104.0, Real RUL 115.0
	Engine 13, RUL [116.532005], Rectified RUL 116.0, Real RUL 115.0
	Engine 14, RUL [20.727377], Rectified RUL 20.0, Real RUL 31.0
	Engine 15, RUL [116.50193], Rectified RUL 116.0, Real RUL 108.0
	Engine 16, RUL [75.95978], Rectified RUL 75.0, Real RUL 56.0
	Engine 17, RUL [111.54471], Rectified RUL 111.0, Real RUL 136.0
	Engine 18, RUL [111.30696], Rectified RUL 111.0, Real RUL 132.0
	Engine 19, RUL [129.7837], Rectified RUL 129.0, Real RUL 85.0
	Engine 20, RUL [68.600555], Rectified RUL 68.0, Real RUL 56.0
	Engine 21, RUL [19.266531], Rectified RUL 19.0, Real RUL 18.0
	Engine 22, RUL [120.39009], Rectified RUL 120.0, Real RUL 119.0
	Engine 23, RUL [83.26748], Rectified RUL 83.0, Real RUL 78.0
	Engine 24, RUL [17.275276], Rectified RUL 17.0, Real RUL 9.0
	Engine 25, RUL [71.771034], Rectified RUL 71.0, Real RUL 58.0
	Engine 26, RUL [-3.7005599], Rectified RUL -4.0, Real RUL 11.0
	Engine 27, RUL [112.1301], Rectified RUL 112.0, Real RUL 88.0
	Engine 28, RUL [123.57405], Rectified RUL 123.0, Real RUL 144.0
	Engine 29, RUL [121.82267], Rectified RUL 121.0, Real RUL 124.0
	Engine 30, RUL [83.28197], Rectified RUL 83.0, Real RUL 89.0
	Engine 31, RUL [82.85656], Rectified RUL 82.0, Real RUL 79.0
	Engine 32, RUL [61.89452], Rectified RUL 61.0, Real RUL 55.0
	Engine 33, RUL [86.0719], Rectified RUL 86.0, Real RUL 71.0
	Engine 34, RUL [108.96126], Rectified RUL 108.0, Real RUL 65.0
	Engine 35, RUL [106.33993], Rectified RUL 106.0, Real RUL 87.0
	Engine 36, RUL [122.129585], Rectified RUL 122.0, Real RUL 137.0
	Engine 37, RUL [127.940926], Rectified RUL 127.0, Real RUL 145.0
	Engine 38, RUL [29.249266], Rectified RUL 29.0, Real RUL 22.0
	Engine 39, RUL [3.441386], Rectified RUL 3.0, Real RUL 8.0
	Engine 40, RUL [42.00141], Rectified RUL 42.0, Real RUL 41.0
	Engine 41, RUL [121.83251], Rectified RUL 121.0, Real RUL 131.0
	Engine 42, RUL [110.9196], Rectified RUL 110.0, Real RUL 115.0
	Engine 43, RUL [115.93368], Rectified RUL 115.0, Real RUL 128.0
	Engine 44, RUL [85.3892], Rectified RUL 85.0, Real RUL 69.0
	Engine 45, RUL [132.63666], Rectified RUL 132.0, Real RUL 111.0
	Engine 46, RUL [-7.1425285], Rectified RUL -8.0, Real RUL 7.0
	Engine 47, RUL [126.54158], Rectified RUL 126.0, Real RUL 137.0
	Engine 48, RUL [54.133408], Rectified RUL 54.0, Real RUL 55.0
	Engine 49, RUL [117.92784], Rectified RUL 117.0, Real RUL 135.0
	Engine 50, RUL [14.0790825], Rectified RUL 14.0, Real RUL 11.0
	Engine 51, RUL [99.882484], Rectified RUL 99.0, Real RUL 78.0
	Engine 52, RUL [113.348526], Rectified RUL 113.0, Real RUL 120.0
	Engine 53, RUL [112.92369], Rectified RUL 112.0, Real RUL 87.0
	Engine 54, RUL [132.37447], Rectified RUL 132.0, Real RUL 87.0
	Engine 55, RUL [53.106747], Rectified RUL 53.0, Real RUL 55.0
	Engine 56, RUL [95.01564], Rectified RUL 95.0, Real RUL 93.0
	Engine 57, RUL [89.16922], Rectified RUL 89.0, Real RUL 88.0
	Engine 58, RUL [42.039337], Rectified RUL 42.0, Real RUL 40.0
	Engine 59, RUL [45.05077], Rectified RUL 45.0, Real RUL 49.0
	Engine 60, RUL [114.45042], Rectified RUL 114.0, Real RUL 128.0
	Engine 61, RUL [134.26439], Rectified RUL 134.0, Real RUL 129.0
	Engine 62, RUL [66.34293], Rectified RUL 66.0, Real RUL 58.0
	Engine 63, RUL [122.29085], Rectified RUL 122.0, Real RUL 117.0
	Engine 64, RUL [27.36849], Rectified RUL 27.0, Real RUL 28.0
	Engine 65, RUL [134.55444], Rectified RUL 134.0, Real RUL 115.0
	Engine 66, RUL [100.43623], Rectified RUL 100.0, Real RUL 87.0
	Engine 67, RUL [114.69154], Rectified RUL 114.0, Real RUL 92.0
	Engine 68, RUL [108.53433], Rectified RUL 108.0, Real RUL 103.0
	Engine 69, RUL [125.80613], Rectified RUL 125.0, Real RUL 100.0
	Engine 70, RUL [82.17872], Rectified RUL 82.0, Real RUL 63.0
	Engine 71, RUL [38.075092], Rectified RUL 38.0, Real RUL 35.0
	Engine 72, RUL [47.847878], Rectified RUL 47.0, Real RUL 45.0
	Engine 73, RUL [121.491104], Rectified RUL 121.0, Real RUL 99.0
	Engine 74, RUL [130.81818], Rectified RUL 130.0, Real RUL 117.0
	Engine 75, RUL [59.27984], Rectified RUL 59.0, Real RUL 45.0
	Engine 76, RUL [25.926262], Rectified RUL 25.0, Real RUL 27.0
	Engine 77, RUL [80.45938], Rectified RUL 80.0, Real RUL 86.0
	Engine 78, RUL [26.030642], Rectified RUL 26.0, Real RUL 20.0
	Engine 79, RUL [25.604994], Rectified RUL 25.0, Real RUL 18.0
	Engine 80, RUL [127.33511], Rectified RUL 127.0, Real RUL 133.0
	Engine 81, RUL [8.900286], Rectified RUL 8.0, Real RUL 15.0
	Engine 82, RUL [0.69712996], Rectified RUL 0.0, Real RUL 6.0
	Engine 83, RUL [123.715385], Rectified RUL 123.0, Real RUL 145.0
	Engine 84, RUL [85.74062], Rectified RUL 85.0, Real RUL 104.0
	Engine 85, RUL [95.15081], Rectified RUL 95.0, Real RUL 56.0
	Engine 86, RUL [26.263481], Rectified RUL 26.0, Real RUL 25.0
	Engine 87, RUL [70.717575], Rectified RUL 70.0, Real RUL 68.0
	Engine 88, RUL [130.2003], Rectified RUL 130.0, Real RUL 144.0
	Engine 89, RUL [58.10387], Rectified RUL 58.0, Real RUL 41.0
	Engine 90, RUL [52.174397], Rectified RUL 52.0, Real RUL 51.0
	Engine 91, RUL [100.056885], Rectified RUL 100.0, Real RUL 81.0
	Engine 92, RUL [14.922033], Rectified RUL 14.0, Real RUL 14.0
	Engine 93, RUL [89.6263], Rectified RUL 89.0, Real RUL 67.0
	Engine 94, RUL [12.271253], Rectified RUL 12.0, Real RUL 10.0
	Engine 95, RUL [105.22615], Rectified RUL 105.0, Real RUL 127.0
	Engine 96, RUL [89.13821], Rectified RUL 89.0, Real RUL 113.0
	Engine 97, RUL [133.29922], Rectified RUL 133.0, Real RUL 123.0
	Engine 98, RUL [20.66062], Rectified RUL 20.0, Real RUL 17.0
	Engine 99, RUL [8.46861], Rectified RUL 8.0, Real RUL 8.0
	Engine 100, RUL [31.84106], Rectified RUL 31.0, Real RUL 28.0
	Engine 1, RUL [55.810726], Rectified RUL 55.0, Real RUL 44.0
	Engine 2, RUL [79.027054], Rectified RUL 79.0, Real RUL 51.0
	Engine 3, RUL [31.79279], Rectified RUL 31.0, Real RUL 27.0
	Engine 4, RUL [129.94952], Rectified RUL 129.0, Real RUL 120.0
	Engine 5, RUL [118.092384], Rectified RUL 118.0, Real RUL 101.0
	Engine 6, RUL [111.9732], Rectified RUL 111.0, Real RUL 99.0
	Engine 7, RUL [66.34591], Rectified RUL 66.0, Real RUL 71.0
	Engine 8, RUL [62.037006], Rectified RUL 62.0, Real RUL 55.0
	Engine 9, RUL [73.07337], Rectified RUL 73.0, Real RUL 55.0
	Engine 10, RUL [82.0534], Rectified RUL 82.0, Real RUL 66.0
	Engine 11, RUL [81.20558], Rectified RUL 81.0, Real RUL 77.0
	Engine 12, RUL [103.06747], Rectified RUL 103.0, Real RUL 115.0
	Engine 13, RUL [116.93109], Rectified RUL 116.0, Real RUL 115.0
	Engine 14, RUL [19.253107], Rectified RUL 19.0, Real RUL 31.0
	Engine 15, RUL [117.438156], Rectified RUL 117.0, Real RUL 108.0
	Engine 16, RUL [77.662674], Rectified RUL 77.0, Real RUL 56.0
	Engine 17, RUL [111.905304], Rectified RUL 111.0, Real RUL 136.0
	Engine 18, RUL [112.24269], Rectified RUL 112.0, Real RUL 132.0
	Engine 19, RUL [129.18097], Rectified RUL 129.0, Real RUL 85.0
	Engine 20, RUL [67.005905], Rectified RUL 67.0, Real RUL 56.0
	Engine 21, RUL [17.87044], Rectified RUL 17.0, Real RUL 18.0
	Engine 22, RUL [121.38253], Rectified RUL 121.0, Real RUL 119.0
	Engine 23, RUL [82.41634], Rectified RUL 82.0, Real RUL 78.0
	Engine 24, RUL [14.533268], Rectified RUL 14.0, Real RUL 9.0
	Engine 25, RUL [69.17597], Rectified RUL 69.0, Real RUL 58.0
	Engine 26, RUL [-4.057196], Rectified RUL -5.0, Real RUL 11.0
	Engine 27, RUL [111.80276], Rectified RUL 111.0, Real RUL 88.0
	Engine 28, RUL [124.01156], Rectified RUL 124.0, Real RUL 144.0
	Engine 29, RUL [121.721016], Rectified RUL 121.0, Real RUL 124.0
	Engine 30, RUL [82.64362], Rectified RUL 82.0, Real RUL 89.0
	Engine 31, RUL [82.19337], Rectified RUL 82.0, Real RUL 79.0
	Engine 32, RUL [60.4244], Rectified RUL 60.0, Real RUL 55.0
	Engine 33, RUL [85.6498], Rectified RUL 85.0, Real RUL 71.0
	Engine 34, RUL [107.62014], Rectified RUL 107.0, Real RUL 65.0
	Engine 35, RUL [106.437614], Rectified RUL 106.0, Real RUL 87.0
	Engine 36, RUL [123.52301], Rectified RUL 123.0, Real RUL 137.0
	Engine 37, RUL [127.930725], Rectified RUL 127.0, Real RUL 145.0
	Engine 38, RUL [29.045298], Rectified RUL 29.0, Real RUL 22.0
	Engine 39, RUL [1.2180997], Rectified RUL 1.0, Real RUL 8.0
	Engine 40, RUL [40.720165], Rectified RUL 40.0, Real RUL 41.0
	Engine 41, RUL [122.78362], Rectified RUL 122.0, Real RUL 131.0
	Engine 42, RUL [108.8636], Rectified RUL 108.0, Real RUL 115.0
	Engine 43, RUL [116.84376], Rectified RUL 116.0, Real RUL 128.0
	Engine 44, RUL [83.0168], Rectified RUL 83.0, Real RUL 69.0
	Engine 45, RUL [131.87776], Rectified RUL 131.0, Real RUL 111.0
	Engine 46, RUL [-9.138098], Rectified RUL -10.0, Real RUL 7.0
	Engine 47, RUL [126.54737], Rectified RUL 126.0, Real RUL 137.0
	Engine 48, RUL [52.65033], Rectified RUL 52.0, Real RUL 55.0
	Engine 49, RUL [119.86428], Rectified RUL 119.0, Real RUL 135.0
	Engine 50, RUL [13.146061], Rectified RUL 13.0, Real RUL 11.0
	Engine 51, RUL [98.940575], Rectified RUL 98.0, Real RUL 78.0
	Engine 52, RUL [113.77427], Rectified RUL 113.0, Real RUL 120.0
	Engine 53, RUL [112.566574], Rectified RUL 112.0, Real RUL 87.0
	Engine 54, RUL [129.4837], Rectified RUL 129.0, Real RUL 87.0
	Engine 55, RUL [50.248047], Rectified RUL 50.0, Real RUL 55.0
	Engine 56, RUL [93.86566], Rectified RUL 93.0, Real RUL 93.0
	Engine 57, RUL [88.74394], Rectified RUL 88.0, Real RUL 88.0
	Engine 58, RUL [40.517487], Rectified RUL 40.0, Real RUL 40.0
	Engine 59, RUL [44.294777], Rectified RUL 44.0, Real RUL 49.0
	Engine 60, RUL [114.22448], Rectified RUL 114.0, Real RUL 128.0
	Engine 61, RUL [135.49352], Rectified RUL 135.0, Real RUL 129.0
	Engine 62, RUL [65.5406], Rectified RUL 65.0, Real RUL 58.0
	Engine 63, RUL [123.008606], Rectified RUL 123.0, Real RUL 117.0
	Engine 64, RUL [25.400316], Rectified RUL 25.0, Real RUL 28.0
	Engine 65, RUL [134.1429], Rectified RUL 134.0, Real RUL 115.0
	Engine 66, RUL [99.16629], Rectified RUL 99.0, Real RUL 87.0
	Engine 67, RUL [114.733025], Rectified RUL 114.0, Real RUL 92.0
	Engine 68, RUL [109.598404], Rectified RUL 109.0, Real RUL 103.0
	Engine 69, RUL [124.11903], Rectified RUL 124.0, Real RUL 100.0
	Engine 70, RUL [80.33435], Rectified RUL 80.0, Real RUL 63.0
	Engine 71, RUL [36.032055], Rectified RUL 36.0, Real RUL 35.0
	Engine 72, RUL [45.97097], Rectified RUL 45.0, Real RUL 45.0
	Engine 73, RUL [120.79303], Rectified RUL 120.0, Real RUL 99.0
	Engine 74, RUL [131.67091], Rectified RUL 131.0, Real RUL 117.0
	Engine 75, RUL [58.794556], Rectified RUL 58.0, Real RUL 45.0
	Engine 76, RUL [25.830965], Rectified RUL 25.0, Real RUL 27.0
	Engine 77, RUL [79.18256], Rectified RUL 79.0, Real RUL 86.0
	Engine 78, RUL [23.686146], Rectified RUL 23.0, Real RUL 20.0
	Engine 79, RUL [25.142948], Rectified RUL 25.0, Real RUL 18.0
	Engine 80, RUL [128.84555], Rectified RUL 128.0, Real RUL 133.0
	Engine 81, RUL [7.7432957], Rectified RUL 7.0, Real RUL 15.0
	Engine 82, RUL [-3.1358662], Rectified RUL -4.0, Real RUL 6.0
	Engine 83, RUL [123.37067], Rectified RUL 123.0, Real RUL 145.0
	Engine 84, RUL [85.77707], Rectified RUL 85.0, Real RUL 104.0
	Engine 85, RUL [95.18512], Rectified RUL 95.0, Real RUL 56.0
	Engine 86, RUL [25.516537], Rectified RUL 25.0, Real RUL 25.0
	Engine 87, RUL [69.75527], Rectified RUL 69.0, Real RUL 68.0
	Engine 88, RUL [130.51256], Rectified RUL 130.0, Real RUL 144.0
	Engine 89, RUL [58.161507], Rectified RUL 58.0, Real RUL 41.0
	Engine 90, RUL [51.348747], Rectified RUL 51.0, Real RUL 51.0
	Engine 91, RUL [99.4645], Rectified RUL 99.0, Real RUL 81.0
	Engine 92, RUL [12.607724], Rectified RUL 12.0, Real RUL 14.0
	Engine 93, RUL [90.09278], Rectified RUL 90.0, Real RUL 67.0
	Engine 94, RUL [9.6924715], Rectified RUL 9.0, Real RUL 10.0
	Engine 95, RUL [105.54766], Rectified RUL 105.0, Real RUL 127.0
	Engine 96, RUL [88.74378], Rectified RUL 88.0, Real RUL 113.0
	Engine 97, RUL [133.29099], Rectified RUL 133.0, Real RUL 123.0
	Engine 98, RUL [19.239014], Rectified RUL 19.0, Real RUL 17.0
	Engine 99, RUL [5.815195], Rectified RUL 5.0, Real RUL 8.0
	Engine 100, RUL [29.89199], Rectified RUL 29.0, Real RUL 28.0
	Engine 1, RUL [55.714794], Rectified RUL 55.0, Real RUL 44.0
	Engine 2, RUL [78.01014], Rectified RUL 78.0, Real RUL 51.0
	Engine 3, RUL [34.61474], Rectified RUL 34.0, Real RUL 27.0
	Engine 4, RUL [129.74454], Rectified RUL 129.0, Real RUL 120.0
	Engine 5, RUL [114.1047], Rectified RUL 114.0, Real RUL 101.0
	Engine 6, RUL [111.513], Rectified RUL 111.0, Real RUL 99.0
	Engine 7, RUL [65.31061], Rectified RUL 65.0, Real RUL 71.0
	Engine 8, RUL [60.688984], Rectified RUL 60.0, Real RUL 55.0
	Engine 9, RUL [72.345856], Rectified RUL 72.0, Real RUL 55.0
	Engine 10, RUL [80.90026], Rectified RUL 80.0, Real RUL 66.0
	Engine 11, RUL [80.98962], Rectified RUL 80.0, Real RUL 77.0
	Engine 12, RUL [102.72264], Rectified RUL 102.0, Real RUL 115.0
	Engine 13, RUL [116.444824], Rectified RUL 116.0, Real RUL 115.0
	Engine 14, RUL [18.528332], Rectified RUL 18.0, Real RUL 31.0
	Engine 15, RUL [112.77242], Rectified RUL 112.0, Real RUL 108.0
	Engine 16, RUL [70.110214], Rectified RUL 70.0, Real RUL 56.0
	Engine 17, RUL [108.32968], Rectified RUL 108.0, Real RUL 136.0
	Engine 18, RUL [107.19373], Rectified RUL 107.0, Real RUL 132.0
	Engine 19, RUL [126.94482], Rectified RUL 126.0, Real RUL 85.0
	Engine 20, RUL [66.17813], Rectified RUL 66.0, Real RUL 56.0
	Engine 21, RUL [19.7775], Rectified RUL 19.0, Real RUL 18.0
	Engine 22, RUL [117.55378], Rectified RUL 117.0, Real RUL 119.0
	Engine 23, RUL [82.54596], Rectified RUL 82.0, Real RUL 78.0
	Engine 24, RUL [18.551414], Rectified RUL 18.0, Real RUL 9.0
	Engine 25, RUL [68.32299], Rectified RUL 68.0, Real RUL 58.0
	Engine 26, RUL [-3.679483], Rectified RUL -4.0, Real RUL 11.0
	Engine 27, RUL [110.070724], Rectified RUL 110.0, Real RUL 88.0
	Engine 28, RUL [122.01192], Rectified RUL 122.0, Real RUL 144.0
	Engine 29, RUL [119.643616], Rectified RUL 119.0, Real RUL 124.0
	Engine 30, RUL [81.102356], Rectified RUL 81.0, Real RUL 89.0
	Engine 31, RUL [81.12702], Rectified RUL 81.0, Real RUL 79.0
	Engine 32, RUL [59.621586], Rectified RUL 59.0, Real RUL 55.0
	Engine 33, RUL [84.3168], Rectified RUL 84.0, Real RUL 71.0
	Engine 34, RUL [107.46296], Rectified RUL 107.0, Real RUL 65.0
	Engine 35, RUL [103.25346], Rectified RUL 103.0, Real RUL 87.0
	Engine 36, RUL [117.548706], Rectified RUL 117.0, Real RUL 137.0
	Engine 37, RUL [126.44249], Rectified RUL 126.0, Real RUL 145.0
	Engine 38, RUL [28.716011], Rectified RUL 28.0, Real RUL 22.0
	Engine 39, RUL [4.738929], Rectified RUL 4.0, Real RUL 8.0
	Engine 40, RUL [41.414146], Rectified RUL 41.0, Real RUL 41.0
	Engine 41, RUL [119.29912], Rectified RUL 119.0, Real RUL 131.0
	Engine 42, RUL [108.01286], Rectified RUL 108.0, Real RUL 115.0
	Engine 43, RUL [111.21108], Rectified RUL 111.0, Real RUL 128.0
	Engine 44, RUL [82.16088], Rectified RUL 82.0, Real RUL 69.0
	Engine 45, RUL [129.1769], Rectified RUL 129.0, Real RUL 111.0
	Engine 46, RUL [-6.1265497], Rectified RUL -7.0, Real RUL 7.0
	Engine 47, RUL [124.896164], Rectified RUL 124.0, Real RUL 137.0
	Engine 48, RUL [52.503536], Rectified RUL 52.0, Real RUL 55.0
	Engine 49, RUL [113.00662], Rectified RUL 113.0, Real RUL 135.0
	Engine 50, RUL [12.532571], Rectified RUL 12.0, Real RUL 11.0
	Engine 51, RUL [98.01969], Rectified RUL 98.0, Real RUL 78.0
	Engine 52, RUL [112.935005], Rectified RUL 112.0, Real RUL 120.0
	Engine 53, RUL [112.65972], Rectified RUL 112.0, Real RUL 87.0
	Engine 54, RUL [128.00731], Rectified RUL 128.0, Real RUL 87.0
	Engine 55, RUL [49.590103], Rectified RUL 49.0, Real RUL 55.0
	Engine 56, RUL [93.44615], Rectified RUL 93.0, Real RUL 93.0
	Engine 57, RUL [88.19112], Rectified RUL 88.0, Real RUL 88.0
	Engine 58, RUL [39.665207], Rectified RUL 39.0, Real RUL 40.0
	Engine 59, RUL [44.301853], Rectified RUL 44.0, Real RUL 49.0
	Engine 60, RUL [114.47696], Rectified RUL 114.0, Real RUL 128.0
	Engine 61, RUL [131.69368], Rectified RUL 131.0, Real RUL 129.0
	Engine 62, RUL [62.19858], Rectified RUL 62.0, Real RUL 58.0
	Engine 63, RUL [119.81916], Rectified RUL 119.0, Real RUL 117.0
	Engine 64, RUL [26.022959], Rectified RUL 26.0, Real RUL 28.0
	Engine 65, RUL [130.81056], Rectified RUL 130.0, Real RUL 115.0
	Engine 66, RUL [98.71957], Rectified RUL 98.0, Real RUL 87.0
	Engine 67, RUL [112.90059], Rectified RUL 112.0, Real RUL 92.0
	Engine 68, RUL [103.79193], Rectified RUL 103.0, Real RUL 103.0
	Engine 69, RUL [121.03056], Rectified RUL 121.0, Real RUL 100.0
	Engine 70, RUL [79.52137], Rectified RUL 79.0, Real RUL 63.0
	Engine 71, RUL [38.34285], Rectified RUL 38.0, Real RUL 35.0
	Engine 72, RUL [44.50772], Rectified RUL 44.0, Real RUL 45.0
	Engine 73, RUL [118.78669], Rectified RUL 118.0, Real RUL 99.0
	Engine 74, RUL [128.60211], Rectified RUL 128.0, Real RUL 117.0
	Engine 75, RUL [58.025833], Rectified RUL 58.0, Real RUL 45.0
	Engine 76, RUL [25.618904], Rectified RUL 25.0, Real RUL 27.0
	Engine 77, RUL [79.29222], Rectified RUL 79.0, Real RUL 86.0
	Engine 78, RUL [25.924583], Rectified RUL 25.0, Real RUL 20.0
	Engine 79, RUL [24.864872], Rectified RUL 24.0, Real RUL 18.0
	Engine 80, RUL [124.40897], Rectified RUL 124.0, Real RUL 133.0
	Engine 81, RUL [9.092053], Rectified RUL 9.0, Real RUL 15.0
	Engine 82, RUL [1.5952255], Rectified RUL 1.0, Real RUL 6.0
	Engine 83, RUL [122.4812], Rectified RUL 122.0, Real RUL 145.0
	Engine 84, RUL [84.53636], Rectified RUL 84.0, Real RUL 104.0
	Engine 85, RUL [92.28887], Rectified RUL 92.0, Real RUL 56.0
	Engine 86, RUL [25.702818], Rectified RUL 25.0, Real RUL 25.0
	Engine 87, RUL [68.14664], Rectified RUL 68.0, Real RUL 68.0
	Engine 88, RUL [127.588524], Rectified RUL 127.0, Real RUL 144.0
	Engine 89, RUL [54.57081], Rectified RUL 54.0, Real RUL 41.0
	Engine 90, RUL [52.02001], Rectified RUL 52.0, Real RUL 51.0
	Engine 91, RUL [98.61526], Rectified RUL 98.0, Real RUL 81.0
	Engine 92, RUL [15.721121], Rectified RUL 15.0, Real RUL 14.0
	Engine 93, RUL [86.30542], Rectified RUL 86.0, Real RUL 67.0
	Engine 94, RUL [13.999782], Rectified RUL 13.0, Real RUL 10.0
	Engine 95, RUL [102.20754], Rectified RUL 102.0, Real RUL 127.0
	Engine 96, RUL [90.04763], Rectified RUL 90.0, Real RUL 113.0
	Engine 97, RUL [129.24722], Rectified RUL 129.0, Real RUL 123.0
	Engine 98, RUL [18.882471], Rectified RUL 18.0, Real RUL 17.0
	Engine 99, RUL [9.192929], Rectified RUL 9.0, Real RUL 8.0
	Engine 100, RUL [31.523615], Rectified RUL 31.0, Real RUL 28.0
{'loss': 241.83793991088868, 'score_1': 221.7258182144165, 'rhs': 4.286496571969878, 'rmse': 14.79526951427381}
RMSE2: 14.79526951427381
RHS: 4.286496571969878
Time: 28.709005000000047
